key	core	full_H	core_H	half_difference_H	published_H	full_G37	core_G37	half_difference_G37	published_G37	H_matches_printed_precision	G_matches_printed_precision
AA/TA	TGAGCTCA	-56.7	-50.5	-3.1	-3.1	-9.07	-7.73	-0.67	-0.67	True	True
TA/AA	AGAGCTCT	-55.1	-50.0	-2.55	-2.5	-8.91	-7.76	-0.575	-0.58	True	True
CA/GA	GTAGCTAC	-60.3	-51.6	-4.35	-4.3	-9.03	-7.01	-1.01	-1.01	True	True
GA/CA	CGATATCG	-67.8	-51.9	-7.95	-8.0	-8.87	-6.89	-0.99	-0.99	True	True
AC/TC	TGAGCTCA	-50.6	-50.5	-0.05	-0.1	-8.15	-7.73	-0.21	-0.21	True	True
TC/AC	AGAGCTCT	-51.4	-50.0	-0.7	-0.7	-8.34	-7.76	-0.29	-0.29	True	True
CC/GC	GTAGCTAC	-55.8	-51.6	-2.1	-2.1	-8.04	-7.01	-0.515	-0.52	True	True
GC/CC	CGATATCG	-59.8	-51.9	-3.95	-3.9	-8.12	-6.89	-0.615	-0.62	True	True
AG/TG	TGAGCTCA	-52.6	-50.5	-1.05	-1.1	-8.57	-7.73	-0.42	-0.42	True	True
TG/AG	AGAGCTCT	-52.3	-50.0	-1.15	-1.1	-8.34	-7.76	-0.29	-0.29	True	True
CG/GG	GTAGCTAC	-59.2	-51.6	-3.8	-3.8	-8.68	-7.01	-0.835	-0.83	True	True
GG/CG	CGATATCG	-65.7	-51.9	-6.9	-0.7	-8.81	-6.89	-0.96	-0.96	False	True
AT/TT	TGAGCTCA	-55.4	-50.5	-2.45	-2.4	-8.62	-7.73	-0.445	-0.45	True	True
TT/AT	AGAGCTCT	-56.5	-50.0	-3.25	-3.2	-8.72	-7.76	-0.48	-0.48	True	True
CT/GT	GTAGCTAC	-63.8	-51.6	-6.1	-6.1	-8.75	-7.01	-0.87	-0.87	True	True
GT/CT	CGATATCG	-66.8	-51.9	-7.45	-7.4	-8.6	-6.89	-0.855	-0.86	True	True
AA/TC	TGAGCTCA	-53.6	-50.5	-1.55	-1.6	-8.42	-7.73	-0.345	-0.35	True	True
AC/TA	TGAGCTCA	-54.0	-50.5	-1.75	-1.8	-8.92	-7.73	-0.595	-0.59	True	True
CA/GC	GTAGCTAC	-56.8	-51.6	-2.6	-2.6	-8.53	-7.01	-0.76	-0.76	True	True
CC/GA	GTAGCTAC	-57.1	-51.6	-2.75	-2.7	-8.71	-7.01	-0.85	-0.85	True	True
GA/CC	CGATATCG	-61.8	-51.9	-4.95	-5.0	-8.3	-6.89	-0.705	-0.71	True	True
GC/CA	CGATATCG	-58.3	-51.9	-3.2	-3.2	-8.91	-6.89	-1.01	-1.01	True	True
TA/AC	AGAGCTCT	-54.6	-50.0	-2.3	-2.3	-8.66	-7.76	-0.45	-0.45	True	True
TC/AA	AGAGCTCT	-55.5	-50.0	-2.75	-2.7	-8.85	-7.76	-0.545	-0.55	True	True
AC/TT	TGAGCTCA	-52.2	-50.5	-0.85	-0.9	-8.38	-7.73	-0.325	-0.33	True	True
AT/TC	TGAGCTCA	-55.1	-50.5	-2.3	-2.3	-8.42	-7.73	-0.345	-0.35	True	True
CC/GT	GTAGCTAC	-58.0	-51.6	-3.2	-3.2	-8.39	-7.01	-0.69	-0.69	True	True
CT/GC	GTAGCTAC	-59.4	-51.6	-3.9	-3.9	-8.21	-7.01	-0.6	-0.6	True	True
GC/CT	CGATATCG	-61.7	-51.9	-4.9	-4.9	-8.33	-6.89	-0.72	-0.72	True	True
GT/CC	CGATATCG	-57.9	-51.9	-3.0	-3.0	-8.11	-6.89	-0.61	-0.61	True	True
TC/AT	AGAGCTCT	-55.0	-50.0	-2.5	-2.5	-8.8	-7.76	-0.52	-0.52	True	True
TT/AC	AGAGCTCT	-51.5	-50.0	-0.75	-0.7	-8.44	-7.76	-0.34	-0.34	True	True
AA/TG	TGAGCTCA	-54.2	-50.5	-1.85	-1.9	-8.77	-7.73	-0.52	-0.52	True	True
AG/TA	TGAGCTCA	-55.4	-50.5	-2.45	-2.5	-9.03	-7.73	-0.65	-0.65	True	True
CA/GG	GTAGCTAC	-59.4	-51.6	-3.9	-3.9	-8.76	-7.01	-0.875	-0.88	True	True
CG/GA	GTAGCTAC	-63.7	-51.6	-6.05	-6.0	-9.46	-7.01	-1.225	-1.23	True	True
GA/CG	CGATATCG	-60.4	-51.9	-4.25	-4.3	-8.5	-6.89	-0.805	-0.8	True	True
GG/CA	CGATATCG	-61.1	-51.9	-4.6	-4.6	-9.04	-6.89	-1.075	-1.08	True	True
TA/AG	AGAGCTCT	-54.0	-50.0	-2.0	-2.0	-8.82	-7.76	-0.53	-0.53	True	True
TG/AA	AGAGCTCT	-54.8	-50.0	-2.4	-2.4	-8.9	-7.76	-0.57	-0.57	True	True
AG/TT	TGAGCTCA	-56.8	-50.5	-3.15	-3.2	-8.64	-7.73	-0.455	-0.45	True	True
AT/TG	TGAGCTCA	-57.4	-50.5	-3.45	-3.5	-8.8	-7.73	-0.535	-0.54	True	True
CG/GT	GTAGCTAC	-59.2	-51.6	-3.8	-3.8	-8.93	-7.01	-0.96	-0.96	True	True
CT/GG	GTAGCTAC	-64.8	-51.6	-6.6	-6.6	-8.63	-7.01	-0.81	-0.81	True	True
GG/CT	CGATATCG	-63.3	-51.9	-5.7	-5.7	-8.42	-6.89	-0.765	-0.76	True	True
GT/CG	CGATATCG	-63.7	-51.9	-5.9	-5.9	-8.73	-6.89	-0.92	-0.92	True	True
TG/AT	AGAGCTCT	-57.8	-50.0	-3.9	-3.9	-8.95	-7.76	-0.595	-0.59	True	True
TT/AG	AGAGCTCT	-57.3	-50.0	-3.65	-3.6	-8.95	-7.76	-0.595	-0.59	True	True
