"i","Tm"
1,70.3070799508475
2,77.3415697909225
3,80.717494268791
4,76.3947663977193
5,80.2619812849571
6,78.4154261703708
7,78.7508942615456
8,78.91338858987
9,77.3670321731927
10,76.0068315282595
11,77.3080510427351
12,76.3473069079639
13,77.6224223736002
14,77.1380512909564
15,77.9305591542241
16,79.7171160454735
17,78.4369732197569
18,82.2720172784212
19,77.6678436877086
20,79.2614074857955
21,77.4522800659864
22,76.5091400880962
23,80.1204917632485
24,78.9748552973602
25,77.4217459806617
26,70.8768666410623
27,75.9724033939349
28,79.6307029036842
29,74.1334890044575
30,74.1579044889786
31,76.6474110903664
32,80.031490677077
33,74.3198597147954
34,78.1308894029801
35,75.9906455923488
36,78.8251663521357
37,79.2410482623525
38,79.8717185288882
39,79.7880360618022
40,75.0851861808304
41,74.4643154856925
42,75.3993458057663
43,77.2948949691749
44,77.2916801343029
45,77.2778389986211
46,75.8587882976078
47,75.1451495767477
48,81.3455841496806
49,77.2941184315853
50,77.319014128251
51,79.1821766770555
52,76.969093963542
53,75.4866295234336
54,81.1416578841615
55,76.8968912599221
56,76.1532535240169
57,72.6904097467533
58,74.3527493825684
59,77.4069463264253
60,70.5174602395516
61,73.3502055857325
62,78.2295831040818
63,75.0283824062109
64,77.0865216057221
65,77.2602609580603
66,76.6528820431617
67,77.1997907948331
68,77.2772380348179
69,76.2810801133414
70,78.1615746649611
71,73.0184914025906
72,76.2164881129553
73,79.6429676727391
74,79.1637765734868
75,80.5688218202333
76,79.3738388917998
77,79.1188669029045
78,77.3352130087733
79,78.5983494171346
80,78.7003423249662
81,76.4321656407758
82,75.5009083087918
83,74.9482656176468
84,77.5814961317446
85,76.1890462474819
86,70.871310764824
87,71.7038030874285
88,72.4435234617688
89,76.4227111038492
90,76.7815779658681
91,77.8761917037244
92,79.22767548385
93,76.106168265362
94,75.2958415279753
95,74.2886038295111
96,76.6129167162973
97,76.2021858144457
98,74.5625212061473
99,73.6184946685946
100,76.0253961339197
101,80.0257668897672
102,77.9101681004632
103,75.4466181507262
104,74.4080534772802
105,74.7497047326798
106,75.0376806055559
107,75.6434727476014
108,78.1316532083812
109,78.3569381834761
110,78.9770083983573
111,79.4010084082059
112,74.8862102271785
113,77.6616066734863
114,79.3340901895213
115,80.0642848911502
116,78.3434825303202
117,79.5764714058594
118,80.0927577660335
119,80.7225299324571
120,77.2100263038504
121,78.8111947130519
122,77.955545444664
123,76.7498034258639
124,80.331628266811
125,79.1305264471711
126,79.1296201329712
127,77.9629436148718
128,78.7299894367061
129,77.6766809494227
130,78.4250348435929
131,77.8551759062695
132,78.5974985309376
133,78.0016627879749
134,78.7042116157539
135,80.2758030007109
136,78.3793505790707
137,75.9096908970085
138,81.3163809446215
139,79.0245937221614
140,76.5519546720836
141,80.4830021370079
142,73.3568807811918
143,82.1197318409727
144,77.1014742474766
145,77.3598358010076
146,75.9297385180184
147,66.2321014234757
148,73.0383404747176
149,73.8876436449739
150,75.3025208491687
151,80.3703829890268
152,79.3293750356764
153,78.0285195212691
154,77.6561024008641
155,77.6006356980267
156,79.1320350291712
157,79.7168918602575
158,76.3943318956407
159,79.5849330532219
160,77.5764959760338
161,80.4841295049354
162,79.9667561590637
163,78.7754425152982
164,79.1505685806797
165,79.6809097146588
166,79.9676205025877
167,79.2834379609988
168,80.6003849039831
169,81.3819902477458
170,78.3940024365193
171,70.8232558883707
172,70.1048053737858
173,74.4101782871041
174,76.7534094290697
175,77.9984907542299
176,78.403803539106
177,79.7196971657723
178,80.4312228221733
179,81.7902114960343
180,78.5298225891177
181,72.8990793462706
182,71.5321240872807
183,74.8823156038341
184,78.8973970091712
185,78.0519275046092
186,79.2370199692937
187,77.9944819468535
188,77.7987828181638
189,75.5276004727626
190,76.5829065520429
191,77.4032080243669
192,77.0937085046037
193,79.1575511536174
194,76.6499739738298
195,77.4571846084698
196,78.7675717927967
197,81.4565236024245
198,76.7536357413746
199,77.2500015413353
200,75.9983685431296
201,80.8270637234347
202,76.8485080446865
203,75.9206948500882
204,78.6572203765423
205,77.5541649343051
206,77.3441777071556
207,77.2925254961596
208,78.5535887519082
209,75.9981393009596
210,70.1545414387054
211,68.1679597119217
212,68.4529824181895
213,74.8749563982793
214,80.0855115230904
215,77.533170104006
216,77.8176101034409
217,77.0048356418362
218,79.9541038956929
219,83.6092169595755
220,79.3259660042699
221,78.2180922363265
222,81.7238258619294
223,77.4313468487343
224,77.4070837544107
225,80.8406210378931
226,79.0327951289452
227,79.1676582853443
228,76.661070142044
229,79.6159256023255
230,79.4416750388061
231,76.2368563671711
232,79.9256263217616
233,76.6617348761142
234,79.4299526000549
235,76.8834502678002
236,74.9123689189867
237,74.8117546493332
238,80.3850373881512
239,79.9208986552933
240,78.8049290571344
241,81.3895016233777
242,82.074681196421
243,79.3424194810605
244,77.6212468698363
245,80.682290467828
246,76.8240205713282
247,79.1618464000107
248,76.5472558009646
249,73.6999632749302
250,76.688835902862
251,78.0594568684361
252,77.3773978727987
253,78.654412399651
254,77.2329158523241
255,81.694557244737
256,78.1662193076796
257,77.0278635169286
258,76.9412006950585
259,78.0811634739816
260,77.9558971317531
261,75.2909645645044
262,79.8728034211294
263,78.0202717215062
264,80.3598205376964
265,78.4065890224205
266,78.6801220962269
267,82.3655496578435
268,75.7538156807457
269,78.056680830712
270,77.8299667899968
271,82.5044275178531
272,77.125260781174
273,77.501585605601
274,74.5507667788232
275,76.1054229256428
276,76.1598797709443
277,75.8709407055468
278,77.388689271382
279,75.9727515371293
280,76.2623622768961
281,75.4031239994869
282,76.0769851111438
283,77.8431426870895
284,77.0922360289493
285,78.9050426512119
286,76.2869999151151
287,74.7613789648667
288,77.1042237672803
289,77.5442294397425
290,80.342897792518
291,76.4076200279031
292,74.6605574037123
293,71.4324228555511
294,71.0604048540977
295,74.1587624636753
296,75.4906977766956
297,73.6631223932205
298,74.036894783853
299,75.363965554675
300,77.7061424869813
301,81.2063217546217
302,77.3105973141861
303,78.4712808147169
304,79.599525132369
305,76.6463540586257
306,78.1045573650274
307,77.0975169947431
308,77.8282898902287
309,80.4082999340455
310,76.6938986465181
311,80.6970535007846
312,80.4486503881018
313,78.2986535433091
314,79.693926909472
315,79.2399089741344
316,76.8226169608512
317,75.1679756241383
318,75.7728825091468
319,78.6588955841966
320,79.6979161199268
321,78.7607742833341
322,79.4592626446375
323,80.1467541434287
324,78.2037910665518
325,75.7450659305399
326,79.487299675811
327,78.9543796202985
328,79.5256339927162
329,80.1944612183519
330,75.899434418708
331,78.5741383256315
332,80.7320577287867
333,78.625891563322
334,80.0088201367241
335,78.0997717723772
336,80.097759642024
337,77.9602283248179
338,79.7874547662994
339,78.6355192943548
340,78.0754669109924
341,80.609561003252
342,77.9110887328729
343,80.5476820712715
344,80.607855203439
345,81.0170849536747
346,77.9232785913857
347,81.6153951671587
348,81.4922383870796
349,80.8260006335555
350,79.3529071797913
351,74.0514947926446
352,73.8985188824035
353,76.6589250987282
354,78.6246001612228
355,78.4150045267486
356,77.7115030491009
357,74.4370215981798
358,80.6709491867414
359,76.7832087281403
360,80.3740778458746
361,77.9736588725634
362,80.198219246926
363,79.7808018574771
364,79.4577414705614
365,77.9348138897259
366,80.1698882687851
367,77.7869210823854
368,81.5501635200113
369,82.6663320044606
370,79.8261891645116
371,79.1828784605706
372,81.1482536580762
373,81.7753108844968
374,79.9606528135886
375,77.368430285001
376,76.616794161473
377,78.4853688461473
378,77.6580980339439
379,77.9836463906654
380,76.4054544567068
381,79.1262069356018
382,78.5528611546143
383,78.3665363923603
384,76.9135735517881
385,79.9697742703855
386,81.3549007016327
387,75.3499228998381
388,74.74199342795
389,76.9884996285454
390,75.5856770950346
391,77.4522697074436
392,76.4592669304217
393,74.5988398458234
394,74.0716906963668
395,77.695144479654
396,77.7891456089276
397,77.3697910762468
398,81.1989337444084
399,81.429837461924
400,78.7699062531723
401,78.2948037197556
402,78.8379843372213
403,80.1303758091314
404,79.1756784303467
405,77.2220187819516
406,80.2256301304227
407,76.2121613788239
408,78.696825068937
409,81.2592492810201
410,78.6918826636284
411,78.4693705526327
412,78.2316272958148
413,73.6990059323157
414,76.8165333589798
415,80.3066350022677
416,79.4699805677221
417,78.6962688604799
418,77.5810156585677
419,74.2467771187976
420,70.4650348755612
421,64.6562287741684
422,69.4696624738832
423,75.9128026659673
424,73.530157932026
425,70.9773197172185
426,76.8293520494672
427,72.727634652949
428,69.0079946193828
429,75.6451778524676
430,80.5835895500523
431,75.5495546027958
432,79.9114806960518
433,75.5281038527978
434,77.644205374579
435,78.7766118553734
436,76.9454417265733
437,76.6292700062878
438,77.7266185801657
439,75.6817853517689
440,74.1607904428911
441,77.8355954081222
442,76.9643093857841
443,79.6731579138494
444,78.7201395413659
445,79.073592215802
446,73.3348242894424
447,74.4577363159531
448,72.1597297336821
449,78.3186233557529
450,77.9458800996351
451,74.9754916078916
452,79.8199272534779
453,78.6640320272917
454,80.5296547563132
455,78.5460448820111
456,76.2049004846782
457,76.9268692509617
458,77.2736496923857
459,80.0897931911394
460,76.7106948218733
461,78.2288455167796
462,79.310853521283
463,75.6426161776508
464,77.0718807869208
465,80.0488634824105
466,78.6674395946623
467,79.9813634022195
468,80.1557110354075
469,80.4023600574454
470,77.052661962265
471,79.556662891584
472,81.0528250990898
473,77.7764045442208
474,78.2488423678867
475,81.3042225803729
476,78.5858257175138
477,79.9255466880533
478,80.1920662014235
479,80.7234354105904
480,75.0892474439024
481,76.1023364160187
482,77.9167252155098
483,79.7318847188329
484,79.1536169317977
485,77.4291210212388
486,78.379662788129
487,79.1489902809403
488,78.735985493234
489,75.8545285306994
490,79.5518040600464
491,78.3028663734646
492,80.6663969412684
493,79.6609964212657
494,76.9381955067042
495,78.3036022012359
496,78.3970810803461
497,77.252865192479
498,76.1262616132792
499,79.42255048854
500,78.2785110604199
501,78.904453511944
502,78.4351237485681
503,80.4392890144588
504,76.8790416952265
505,77.4462392060561
506,79.8056551834052
507,78.2908562704449
508,78.1361979721893
509,80.6288696251473
510,79.432917273786
511,78.8958936649589
512,78.5831368427099
513,79.2297628213095
514,74.3805436882391
515,74.7678816721374
516,77.7847071858928
517,79.4936434114796
518,76.3018872359062
519,79.3057815389444
520,77.176437697316
521,78.3910512188066
522,75.6034161826229
523,76.0365500673985
524,78.000457482178
525,79.8104167301626
526,76.3700874248724
527,76.4535895668905
528,78.7015337729823
529,77.5150423603986
530,78.7780857038885
531,78.5503823497739
532,78.385351475254
533,73.7191404335223
534,78.0939424036632
535,76.9123058275461
536,77.3556068003029
537,74.9629641123452
538,73.9419767320779
539,74.7892293764904
540,78.9883326707945
541,78.8342648855078
542,73.7714445570161
543,77.3867656657747
544,79.934389522707
545,77.0192105011815
546,77.3923457481411
547,79.1637931736882
548,74.7751302394797
549,77.9697836547741
550,78.1305287374033
551,77.6687801387297
552,76.2530804244786
553,76.6881069375484
554,76.0074291523561
555,78.5985627306122
556,75.3213214020944
557,77.0759453348301
558,75.7675846958458
559,78.4202587374529
560,75.940198058501
561,78.3506768795068
562,79.1870846987255
563,75.2961481939187
564,79.4356203625443
565,76.4787895805346
566,78.7223324040427
567,70.7914120631498
568,75.5637847186463
569,73.4005669107246
570,76.1787785246858
571,82.229531306285
572,78.3952782460897
573,77.4213123101777
574,77.6458710449998
575,76.1484954977403
576,78.5354290303148
577,76.3122160669433
578,78.6841245659147
579,78.5828147982554
580,78.1695814916776
581,78.8679823823583
582,77.641887773149
583,78.4221163830207
584,78.6660052366308
585,77.5080288260245
586,78.093608183255
587,80.063101346751
588,76.0606033888909
589,74.9058849263815
590,76.9161511854851
591,79.6491084538182
592,77.6037471282071
593,77.8881409102837
594,77.3457366198925
595,77.8651248255119
596,77.2274004155223
597,76.7641257871572
598,76.1611217822031
599,78.5016695482028
600,78.4672566484097
601,77.5431710195941
602,77.0752378577935
603,76.3558963696809
604,78.0426417239229
605,76.804270897453
606,77.6726721406464
607,76.3259830385803
608,78.7235701404886
609,70.7573825763209
610,66.2768721687873
611,75.310831980114
612,79.5302442529048
613,79.6339118566135
614,78.1267473751457
615,73.1206568043269
616,77.0838101947012
617,77.9621164407317
618,79.6884252272079
619,75.2818962060311
620,77.9564863760654
621,75.5147464804649
622,77.4918710860937
623,77.8503030837624
624,78.2853364733767
625,79.0149824006874
626,73.2199533817563
627,79.0358414805812
628,78.9293346175647
629,74.4140819081969
630,78.5512359623772
631,76.7289647836205
632,80.6621920613598
633,79.2581779633079
634,78.7642494233861
635,78.5135587076981
636,77.0578464609762
637,79.1723124524893
638,78.1955176999482
639,72.9839020907568
640,77.7600893469558
641,75.444235368834
642,78.5858201775219
643,76.74743762811
644,78.69058083819
645,76.8857228319755
646,78.496278582624
647,77.7733604681459
648,76.6302869676678
649,80.6421372348591
650,79.279791938221
651,78.4491522969604
652,75.7514702360585
653,78.0036709543126
654,78.0063272907163
655,77.5319563011566
656,80.2092023107504
657,74.794943499218
658,73.709701662804
659,79.2521656991
660,78.4152983391581
661,78.0894543650651
662,78.4969221050698
663,78.4926508279707
664,80.4174944462646
665,80.8630891524749
666,80.9274047081156
667,77.3988470520395
668,78.176868252244
669,78.2895587764927
670,81.0297316991615
671,77.9897661190341
672,76.4091262514023
673,77.9984463624986
674,78.0371652104112
675,74.4042462306213
676,74.4134384838267
677,76.4249128268503
678,71.5145079565098
679,76.8846388624556
680,77.3691823872835
681,76.0763363001666
682,76.4010145572657
683,74.0755117835604
684,77.3640572513169
685,75.2290465808791
686,76.9515133833176
687,78.994217625532
688,80.9963081136657
689,79.1462173538932
690,80.1723996663792
691,77.2752897898358
692,78.5484799704691
693,77.0702605885185
694,75.4499890187775
695,77.0954180223397
696,78.5189752053224
697,79.3876937411696
698,79.5515038083335
699,77.7565396533476
700,80.830623992672
701,78.7187134305862
702,77.1050899598031
703,77.9162788419952
704,78.3883653274717
705,80.8488031775439
706,81.1774483505129
707,71.2033777084339
708,74.3729751691142
709,76.0079605105545
710,76.5252673994975
711,78.7790556117577
712,76.8080674242148
713,76.0332756856923
714,71.2377601818498
715,77.0825371468597
716,76.6836457325028
717,76.1642285306479
718,76.8829569111476
719,75.2276827602172
720,75.6309464394232
721,78.7568554401263
722,77.3409957438821
723,74.6930930704777
724,78.4629733212496
725,75.4363143846512
726,74.6041731994242
727,75.9354964077362
728,77.1637326993225
729,77.1664477189244
730,74.9055405793814
731,76.1048109913696
732,75.8461728432057
733,77.5513127244726
734,75.8574883607306
735,77.8288219787643
736,75.0520234342785
737,77.1682248001688
738,75.8599402845111
739,75.2896595617436
740,74.7146019129111
741,75.2484422935852
742,77.7556957566598
743,77.1162410261247
744,80.1537904158818
745,78.7368983237647
746,78.169347465375
747,80.1015830545933
748,77.200592279494
749,74.1453909702756
750,72.6755232599496
751,72.2771655129152
752,68.392578408119
753,71.5103000114437
754,73.3457033681196
755,70.0957864730393
756,71.8142445842626
757,71.6220641874879
758,73.3238493967667
759,72.6664763348896
760,76.1570026160874
761,71.3237220034205
762,73.386495153735
763,73.8356192448332
764,70.2895124057426
765,71.9581524886815
766,72.5062611908446
767,75.0850607979143
768,74.4195841420949
769,72.5665295738226
770,71.5871267298091
771,71.6108249790358
772,72.6251256174798
773,76.4986366017928
774,75.4410983322121
775,71.9222824954387
776,71.4580561025999
777,74.7493490389343
778,71.6762981770307
779,75.2315975578716
780,75.7029091459534
781,71.3587309405101
782,67.8727906609665
783,72.6631343680858
784,76.2641332590415
785,69.692866757273
786,66.3315242526373
787,70.8644140182996
788,77.5682435802699
789,78.836129669101
790,79.2088942491239
791,80.5542344111754
792,76.2672717382754
793,79.7604883584318
794,78.4670171698015
795,78.9244692928947
796,77.1175924697947
797,78.8773309494418
798,76.2493439236133
799,78.1946686479397
800,79.9368633516772
801,77.2977822675983
802,78.4591107141096
803,76.8818478802074
804,72.9733190313789
805,76.5162642979184
806,74.9751385412546
807,76.4364814676078
808,78.1226586022083
809,80.3674109673942
810,78.3424536924617
811,77.8246179699543
812,82.2379457422305
813,78.9513731378779
814,78.501581115055
815,79.5260232393026
816,80.6462731083961
817,79.9245535643092
818,80.3861026520565
819,80.1790475173546
820,78.6813992208199
821,77.0563901369065
822,80.1529391884627
823,78.9803624526695
824,76.3866741272719
825,76.044115475442
826,78.1419424368732
827,78.1623591083192
828,78.1112944769567
829,77.9351874392434
830,79.6010633239637
831,77.7970261839645
832,79.2522163818839
833,80.7009479463085
834,81.0832227273227
835,78.4599763848123
836,79.9228474660064
837,73.3669168152393
838,72.775201840566
839,78.6367086564771
840,78.231182047427
841,77.240972239676
842,77.4503567059345
843,76.2143520541815
844,76.1190691739079
845,76.4755347807929
846,73.1484257294049
847,76.3231427412118
848,77.7324981416343
849,76.6174485852033
850,78.5798087415013
851,81.5182760394533
852,81.1454156594906
853,78.2258303032146
854,80.3567207338155
855,78.3238140268356
856,76.5029924433121
857,79.092504680405
858,80.3999300387657
859,82.1775756547905
860,78.7768212908247
861,82.7203427336781
862,80.8863630158481
863,83.3224975185893
864,82.4716985911483
865,80.9632960581947
866,82.4913008414732
867,78.5522248013625
868,77.941940751263
869,77.4944812925102
870,79.916855532852
871,79.407081084069
872,78.6351485784006
873,79.574372297789
874,78.6032150831985
875,73.9900747807627
876,73.8268107027499
877,78.3486101423821
878,81.7558666394713
879,76.9488889326694
880,75.3367361338783
881,80.6975240118502
882,78.0231466734434
883,76.1299977126811
884,75.475509548173
885,76.885548634834
886,75.6217331563214
887,79.8641972615679
888,79.4319872791712
889,74.6809644711597
890,76.7664129621435
891,78.5426690373242
892,81.0512806396943
893,78.4053834926245
894,77.7259079939723
895,78.766508911025
896,75.293872287293
897,76.5649474969436
898,77.6303035021558
899,79.1047674106885
900,75.2523019464941
901,74.9622551424205
902,71.6372249271513
903,74.1459629836025
904,73.5697417725635
905,74.1653514795433
906,79.0042576104185
907,76.5814378668926
908,78.9831193169307
909,78.3578453331024
910,79.7035469914814
911,77.8819967151907
912,75.4415989157578
913,76.4640611324064
914,77.5684050676716
915,78.7994345839577
916,77.2425162545576
917,78.3367901395905
918,76.7469211372272
919,76.390180942984
920,74.276553000086
921,73.786792119503
922,75.0012306560242
923,80.3378201157976
924,77.0474959547889
925,74.3738528268048
926,77.7304646767498
927,77.7255591472014
928,78.8625366792504
929,77.9523170325596
930,75.8373074595527
931,78.0585673198817
932,78.6260001634867
933,77.9712048071129
934,78.5127371567924
935,78.8788099393977
936,80.8407084778918
937,78.9813567818671
938,77.9138919675851
939,77.9318760180907
940,78.7600504297855
941,75.564956166514
942,78.8465447086226
943,77.4715772875552
944,76.096094012632
945,77.1668640754673
946,76.8943711411677
947,75.1372589247359
948,74.9987575720401
949,74.2195335246633
950,76.0840496660315
951,76.389910115049
952,76.6335073639729
953,77.5444062561438
954,77.1467261170385
955,75.5098163165075
956,76.7187116990335
957,77.8627116734262
958,75.5182294350128
959,76.6275912814029
960,73.5263375546661
961,80.9762187746487
962,78.7824255060663
963,75.0564176584944
964,76.5088687737122
965,74.5253123700443
966,79.1703478122845
967,75.4167890518577
968,77.1211035736995
969,77.782158490211
970,76.8837483797275
971,77.9635429650808
972,79.6529412291388
973,77.2238783505725
974,75.2012541003457
975,75.2901511658616
976,77.358287844398
977,76.4958961731901
978,73.6966863260165
979,79.749809853414
980,77.0739196020841
981,76.9366135384943
982,77.285787766288
983,74.4508124873124
984,79.2025694525284
985,76.1702288496849
986,77.2204518524637
987,77.6382111890106
988,75.7641253771549
989,77.7408537063323
990,74.8827661188787
991,76.534911904198
992,76.9863578964068
993,76.5471828406756
994,76.898285061664
995,75.17886148779
996,78.2985557367005
997,75.5821939995182
998,75.9029754340651
999,74.1921094933358
1000,77.212322038131
1001,76.3200127239435
1002,74.7314701470846
1003,76.4945207232587
1004,77.7403120833193
1005,74.7528756068409
1006,77.3697220499659
1007,79.3699240662345
1008,77.2812641336858
1009,78.4825956558584
1010,76.6335073639727
1011,72.9330816548821
1012,76.7463774879779
1013,78.0699058758741
1014,75.4664449202343
1015,79.2382769832054
1016,81.2298048672316
1017,75.8849364283094
1018,79.5149120277636
1019,74.4302956380013
1020,78.2855378222179
1021,80.6492898257046
1022,77.9622056887586
1023,80.3337574763657
1024,80.5417867431379
1025,78.373639502937
1026,78.6858587979352
1027,78.8933849263761
1028,78.6259822093984
1029,81.0211119348958
1030,78.0483886904417
1031,76.3922819804895
1032,78.9835739820925
1033,80.1731569396227
1034,79.3270512721418
1035,79.75498323761
1036,76.6849710730086
1037,75.8359919596178
1038,77.7002994169532
1039,78.433099966653
1040,79.9013635364653
1041,78.8141891665938
1042,76.4976718269884
1043,78.5279630080589
1044,73.1305930488293
1045,77.5060332174343
1046,78.8224263468817
1047,78.8694893465762
1048,76.8104387744621
1049,76.2516501274122
1050,74.0168296056364
1051,76.1914599758792
1052,77.9761176540349
1053,78.3336301308753
1054,77.4999508434127
1055,77.4920115580673
1056,78.9122892745959
1057,74.7964190941748
1058,75.505390684986
1059,76.9365787448624
1060,75.5297544725117
1061,77.7828896025673
1062,78.1605566138479
1063,80.0000603157198
1064,82.2316933997712
1065,79.9306558207477
1066,82.6064803916506
1067,79.5681272532185
1068,79.4149275598943
1069,77.5099745958332
1070,73.4711346726583
1071,76.5486882415677
1072,76.0956934541726
1073,80.0108373521564
1074,75.4504112837814
1075,77.4512631136594
1076,78.7387594832937
1077,77.2242589365328
1078,77.349387825175
1079,77.2949438743373
1080,77.3205259257488
1081,76.1078798429032
1082,76.8941978394863
1083,76.7529503278493
1084,75.1604821727137
1085,75.5846904165048
1086,72.8623512962544
1087,78.2123617774167
1088,78.9272844742882
1089,78.2491620704018
1090,78.6545839444081
1091,80.6162309409947
1092,77.2530452016318
1093,78.0391476806521
1094,79.5612902454238
1095,75.5208511433376
1096,79.6280632927463
1097,79.9349980071322
1098,78.2029658650274
1099,76.8681552850932
1100,78.3251962173102
1101,72.456657894497
1102,76.6131856955107
1103,76.3232945416992
1104,76.2998291914018
1105,75.9714146031136
1106,76.8853139881837
1107,78.3162557734834
1108,75.9494613815585
1109,76.8821969049793
1110,78.0931114748925
1111,78.6016255920881
1112,76.7035011982043
1113,79.5170204490865
1114,72.6529031504392
1115,74.8289222244968
1116,77.9342858760714
1117,76.494345819914
1118,74.3864701288463
1119,71.0873518280021
1120,78.1515235575947
1121,79.3881733796075
1122,77.7916960021856
1123,78.1006828596461
1124,78.5698479131341
1125,78.6086920401854
1126,77.9644870329235
1127,75.0543732267933
1128,76.3965405681424
1129,73.7668704307774
1130,74.7006388292524
1131,78.7631652169304
1132,76.1660546617853
1133,76.9970975527452
1134,78.3427382980331
1135,77.8278839654412
1136,77.7224620498681
1137,77.758782324194
1138,76.6005286801416
1139,77.1333545519286
1140,76.5061403042179
1141,78.2169251846827
1142,78.8760764210249
1143,77.5299964326559
1144,77.1418053908999
1145,78.4254220509008
1146,70.9906546908198
1147,73.5812629029858
1148,75.7649706691163
1149,75.114423227085
1150,75.509002387222
1151,76.1940343981565
1152,74.7773865582
1153,75.0898934623613
1154,77.6273249507374
1155,72.9684513930804
1156,74.3474930313934
1157,75.5634469029133
1158,78.6217719811764
1159,78.1744718687156
1160,77.8930178765748
1161,77.1774078479194
1162,73.8116589182487
1163,73.7757819738551
1164,76.9917408635598
1165,78.0321431645175
1166,79.9239077375141
1167,77.1874241909018
1168,77.6024672198943
1169,74.0945052520352
1170,77.1936099707096
1171,68.9532998017554
1172,69.9812876875914
1173,72.8812968301133
1174,75.8865575073698
1175,77.7008778116179
1176,76.5604894662573
1177,76.2383305931368
1178,76.1483945305706
1179,76.6979840137219
1180,77.1936099707094
1181,75.015829729896
1182,75.5282775158181
1183,76.1249637529812
1184,76.4289355425133
1185,77.6418660816756
1186,69.5892751741716
1187,67.2970985146349
1188,71.5032334308283
1189,74.242397056967
1190,74.1500189524207
1191,70.8163753809631
1192,68.4188850655173
1193,66.2316146338317
1194,68.8885524481951
1195,71.0097806905782
1196,74.590168019572
1197,74.2977908754767
1198,78.4699898490561
1199,81.3286586898896
1200,77.2104635195518
1201,77.5097985622276
1202,71.7217951379335
1203,77.1891470385638
1204,77.052661962265
1205,74.1936670405332
1206,80.6464715284467
1207,78.5411301440881
1208,80.3534779754992
1209,78.0581907567262
1210,78.4558960763889
1211,79.7188553148127
1212,81.2403256579056
1213,81.7688070330012
1214,79.8359200919928
1215,80.1383635016097
1216,80.695587315927
1217,71.9403955968168
1218,74.2060203001063
1219,78.8736654238609
1220,77.2105942108685
1221,76.6068219022116
1222,77.9746594604437
1223,77.2547855501584
1224,78.6185403906297
1225,79.4805950785283
1226,77.80099228202
1227,76.1315272163282
1228,74.387890041716
1229,75.2018157697618
1230,75.4741548025241
1231,70.8526582308219
1232,71.5686050237876
1233,74.8433359423306
1234,70.1128859186861
1235,77.4209482902286
1236,78.1659288439851
1237,78.8636299562449
1238,78.3840230293674
1239,74.2425316771829
1240,72.2731599587817
1241,77.7015714986376
1242,78.8923525739476
1243,80.5299514254793
1244,79.381767875455
1245,76.7719114661249
1246,80.6130222656242
1247,80.141447045774
1248,82.2770935861897
1249,81.4208571252106
1250,81.2796867988704
1251,78.3065196305402
1252,76.9913960957903
1253,77.3685347532791
1254,77.5347084270173
1255,75.921045909955
1256,78.7945267194798
1257,78.8965563392255
1258,78.1533937237825
1259,76.6464368696685
1260,77.515702342519
1261,73.639311826226
1262,72.3682130479686
1263,74.7370913494448
1264,71.5733953384269
1265,75.0493370045938
1266,73.6072966238727
1267,71.6086553384112
1268,73.6369648090767
1269,79.7355425283462
1270,79.0256171576538
1271,77.7970595998822
1272,75.53769436971
1273,78.4653347303931
1274,75.9787492238381
1275,76.2582091809693
1276,77.8414417633996
1277,80.784091542437
1278,74.6083641052969
1279,73.6607014876358
1280,73.911318568891
1281,77.3863700639604
1282,77.0754999771013
1283,76.9539866620209
1284,77.9702175892485
1285,79.8071566999552
1286,80.2841587756224
1287,79.0806264307435
1288,77.4158509042403
1289,72.6210777047687
1290,73.1029062435207
1291,79.2811326739707
1292,78.958901455087
1293,78.5212375161829
1294,75.4899735694276
1295,76.1974265757669
1296,70.1548637261248
1297,72.6603062538321
1298,77.7547993267705
1299,77.3834656222462
1300,73.3312912814018
1301,70.6735106699015
1302,72.1535310317982
1303,81.7623131138753
1304,77.7518860440667
1305,78.2277533610777
1306,80.488135583274
1307,80.334059044456
1308,77.4235650326854
1309,80.7421819265803
1310,80.916787922834
1311,77.4636343202015
1312,77.572861337579
1313,76.0047130076559
1314,78.439332872001
1315,73.2910966063325
1316,70.2312623374276
1317,76.5563382628342
1318,74.7511299231495
1319,78.2099839579007
1320,80.3301448264383
1321,79.174732647561
1322,77.265571865214
1323,79.683760931807
1324,80.1889996294439
1325,78.7133712385128
1326,79.6427191000774
1327,79.2555451726407
1328,79.2908061968706
1329,77.75858064121
1330,76.1107098449634
1331,74.730738373121
1332,77.185664729306
1333,75.2042536243936
1334,80.9244653992795
1335,79.4149680752854
1336,76.914150499994
1337,80.718668155149
1338,81.4790411265548
1339,78.5613997627673
1340,78.070635972354
1341,79.936756368788
1342,80.833985067483
1343,77.7462550908638
1344,80.8731224137215
1345,73.4930893881285
1346,72.875789798323
1347,72.4438723878025
1348,75.3403042624915
1349,75.4588282980814
1350,75.7216514102328
1351,76.8802707176529
1352,75.6811375894607
1353,73.1411799966918
1354,74.8481536643199
1355,75.2309827745374
1356,74.9902649756841
1357,73.6130579987714
1358,73.5992851323236
1359,72.9523275791582
1360,78.7671912983479
1361,79.2435918305737
1362,78.8602090448082
1363,77.3691823872836
1364,80.3690202966397
1365,78.4632015364336
1366,79.219802475871
1367,78.3649046222741
1368,76.808366494684
1369,78.767765495759
1370,76.6752823226026
1371,74.3604916171889
1372,79.7688182887385
1373,80.4356375673901
1374,80.3745797265448
1375,78.2313108992333
1376,75.0538780778832
1377,75.549424879559
1378,80.4465761379333
1379,78.9519413742512
1380,78.3765875598353
1381,77.6020124712775
1382,80.715509603998
1383,78.6619102811176
1384,77.439507367768
1385,81.1720748225965
1386,82.1506643389418
1387,81.5591232120483
1388,81.2327531186853
1389,78.9389219006722
1390,80.8221895875581
1391,79.2109542402264
1392,80.9606263843498
1393,78.3803341762199
1394,77.73635366274
1395,77.4295719365631
1396,78.8944821209059
1397,78.1883353072195
1398,80.6219474084033
1399,77.8508023479617
1400,74.6525092555615
1401,74.0415298997665
1402,74.0631397341508
1403,76.871305082484
1404,74.8733032410016
1405,78.5855109759601
1406,81.4761366787017
1407,83.9911389357816
1408,83.0257584223426
1409,83.8093258448047
1410,79.6444983477393
1411,78.9123393160545
1412,76.6477587393845
1413,83.7707345446935
1414,80.1140036053404
1415,82.2913281639915
1416,80.5600752208741
1417,81.9914245571774
1418,84.8441619876023
1419,85.5980436188824
1420,87.9466706036785
1421,83.3818473924236
1422,84.8408263955058
1423,83.5731961349277
1424,81.9415080369974
1425,84.4622236286451
1426,77.8018707165236
1427,69.2862350376346
1428,81.0271553570045
1429,82.3862254069355
1430,84.3694894381184
1431,80.7522960052427
1432,80.6562839903879
1433,82.8823685523121
1434,81.8282221167991
1435,82.7107045795947
1436,82.4560141837043
1437,82.8414684625178
1438,82.7480158151659
1439,86.5840946633462
1440,82.9855268147004
1441,80.5408861949829
1442,81.3518155561919
1443,85.6463691827784
1444,83.8563787690471
1445,81.1703129768459
1446,76.9009503618765
1447,80.2818981780543
1448,81.5295325008541
1449,83.2766601314228
1450,82.8714641913122
1451,77.9079407464075
1452,71.4846855290232
1453,73.4560834916714
1454,75.8382351914024
1455,79.4401335521421
1456,79.7019718357109
1457,76.2404228361893
1458,78.0160882229152
1459,76.0841628331383
1460,74.7557891355926
1461,74.3952686877634
1462,71.400606474397
1463,75.7437962414052
1464,74.4231836669647
1465,68.7174605875534
1466,70.4408034761047
1467,71.0888143858469
1468,71.9649048578003
1469,70.1807253405504
1470,68.2195104765868
1471,72.4161253085949
1472,68.386149678379
1473,69.2726261984854
1474,68.9803482845477
1475,68.2400342268913
1476,72.3536535055582
1477,73.105149180403
1478,74.4899529720624
1479,68.3411221939473
1480,74.7182888774985
1481,73.4757066096026
1482,72.7746287596756
1483,76.4398748631228
1484,73.3326256797588
1485,74.702292808406
1486,68.4807360754763
1487,73.8185853113027
1488,75.4814985936248
1489,79.4676865315773
1490,79.7011754381276
1491,79.5081350739151
1492,82.2376844528993
1493,83.3464378468671
1494,77.4518771673783
1495,79.5525314255221
1496,81.7771388167157
1497,79.5981793884739
1498,80.7753034577397
1499,82.08534420745
1500,83.3427062853553
1501,81.4869300171171
1502,78.9593949146702
1503,81.1566632153401
1504,81.8255233257305
1505,79.2348374225294
1506,83.3944106437488
1507,79.4192944906115
1508,81.992822819714
1509,81.8474388608363
1510,78.0055643411365
1511,79.0756793771847
1512,78.2203423465613
1513,80.0071860366961
1514,73.2308341763476
1515,67.928855570057
1516,78.012446981494
1517,74.5541196895205
1518,72.009204101747
1519,70.6282771235208
1520,76.256586809509
1521,76.6616408647263
1522,73.4749913121548
1523,74.5173759679438
1524,76.4260164231308
1525,80.0522380242501
1526,76.9658459172402
1527,77.1013777992979
1528,78.1286199584895
1529,74.6887776083059
1530,75.700931609784
1531,76.7872813065829
1532,79.7341555235705
1533,75.3883144694236
1534,78.7002559987289
1535,78.3369477781733
1536,77.4770839008583
1537,79.3790443545467
1538,78.9997693693953
1539,76.0552443444914
1540,78.6428925018462
1541,79.0807988365763
1542,79.5778610440866
1543,80.00215617291
1544,76.7649585058883
1545,79.7146671986444
1546,78.6515473305126
1547,76.8931502426784
1548,78.7810447370975
1549,80.4827256106499
1550,76.8070271405903
1551,77.3652092006089
1552,78.210986965388
1553,76.6527467053456
1554,74.2105234169882
1555,72.4580722549355
1556,69.2520526647368
1557,70.1418593405417
1558,65.8739329428537
1559,68.2353683230413
1560,75.0865510168347
1561,75.9261735068275
1562,69.5055593423819
1563,74.1032567380149
1564,72.1255212026537
1565,73.818476329852
1566,68.1544020465203
1567,68.4195616518061
1568,74.4382635296435
1569,71.1251057872432
1570,70.5974467585134
1571,68.7041298317737
1572,71.3513221733666
1573,78.3007979314256
1574,73.5052325584297
1575,74.6241200635803
1576,77.353638336608
1577,76.5835265314399
1578,75.9817049139498
1579,80.6781324359615
1580,80.5824814942079
1581,80.0717284701583
1582,75.6693140072799
1583,75.3395864738439
1584,69.0137702018415
1585,75.958637310498
1586,73.5256957201934
1587,71.3445189841649
1588,69.7736895430671
1589,73.0241353904814
1590,76.3770198355795
1591,74.4140930983444
1592,70.9595261792799
1593,68.8135259832226
1594,69.606678454167
1595,75.7649037721823
1596,74.158737060886
1597,76.6586518893638
1598,74.6415931329876
1599,72.1576011670043
1600,75.4377910295859
1601,67.3253121249656
1602,76.6526557660789
1603,75.5840822271824
1604,76.2812712466186
1605,79.0841715950849
1606,74.6698975273399
1607,67.6331150962404
1608,71.9230759919591
1609,75.2713153161442
1610,76.1645733357944
1611,78.3419743260469
1612,73.6750309653418
1613,78.0228704435812
1614,75.1672211368536
1615,77.2957563637368
1616,78.9668990215699
1617,76.4290895189788
1618,75.481241750922
1619,75.9972513501625
1620,78.6099894778345
1621,77.0812727477619
1622,77.8145654845594
1623,72.7065552828475
1624,72.1400431966248
1625,71.3302670612305
1626,71.6234427561971
1627,66.6144430934453
1628,72.5191192193544
1629,78.5942073896159
1630,80.5226453908039
1631,78.3407427012495
1632,78.5504512577693
1633,80.736050215739
1634,82.0850187768526
1635,79.8474670005857
1636,80.1442042594381
1637,77.8009815427916
1638,79.5313371836498
1639,80.8399824278565
1640,78.4283434508507
1641,80.8134152977006
1642,81.9451339580219
1643,79.198930262269
1644,79.9875205268308
1645,81.2806300126846
1646,78.6368428724489
1647,77.3268881339078
1648,74.0791543624993
1649,77.4546174019566
1650,80.068240754166
1651,77.0300048162701
1652,77.2797199986935
1653,78.7481919718427
1654,81.5092191080259
1655,79.4094031039563
1656,80.3064818132922
1657,77.7310527816086
1658,74.1701447285753
1659,67.4352480005894
1660,68.0890415362459
1661,67.3856271153447
1662,70.8048751057273
1663,72.9044047006553
1664,74.7871936348567
1665,76.6367795979484
1666,73.729898409098
1667,74.6395999278154
1668,74.5151864898007
1669,77.7640638795048
1670,78.2597586291529
1671,74.3438615447699
1672,77.3478278958921
1673,69.6875831674771
1674,79.0296014544185
1675,77.3028227907169
1676,72.1796639242263
1677,72.1809788922237
1678,71.6317508533861
1679,76.491871334426
1680,79.265504333021
1681,75.7015608914507
1682,73.1422758615838
1683,75.2929398254353
1684,73.375101054089
1685,76.5376024280335
1686,78.9113507217077
1687,80.3201731404677
1688,81.9689878374485
1689,80.7221132963827
1690,78.4756165136415
1691,79.0681579523101
1692,76.4829864138659
1693,80.8802608355048
1694,82.2946424643224
1695,76.3444262779279
1696,80.4312545049229
1697,83.4582412185332
1698,80.8167407532079
1699,81.0105757974469
1700,79.8324894927581
1701,78.3833436525165
1702,81.3627642237168
1703,78.9169918876277
1704,80.4676829713834
1705,78.3819869550371
1706,77.9023778063333
1707,80.0060394170263
1708,80.9091582842865
1709,79.4815430845486
1710,79.0438823873989
1711,78.4119352349088
1712,78.1354465611602
1713,79.43845338407
1714,72.7841692021798
1715,74.608433856281
1716,79.3533903272056
1717,80.0978976611611
1718,80.039158359439
1719,76.739466417829
1720,71.3921862324854
1721,68.613478387618
1722,69.4821815439537
1723,72.2554414362198
1724,73.7858697271776
1725,68.4547078652106
1726,73.2173135541421
1727,72.8167927101732
1728,74.7126302219414
1729,76.7370909118922
1730,74.3439858026038
1731,80.0310965890376
1732,71.8818634381735
1733,71.0070392096998
1734,71.2203289968976
1735,77.8551796958147
1736,78.5819471254034
1737,78.3836892159127
1738,81.5075071116142
1739,80.2732592504225
1740,80.1510974797098
1741,76.1998023129859
1742,77.8581682044529
1743,71.5257877784719
1744,74.5112018307333
1745,78.9752104198519
1746,79.9173336613683
1747,80.9778799117066
1748,77.8375102679302
1749,79.2629343970428
1750,77.6521747272932
1751,76.9499028008615
1752,81.3001789585201
1753,79.471682690733
1754,80.7059303596962
1755,77.8875855830628
1756,77.4838475889842
1757,76.3704310550819
1758,82.9916269431762
1759,80.4709436589463
1760,83.7521497996102
1761,78.224614924298
1762,78.2723971905277
1763,78.8491768969844
1764,76.1951457733839
1765,79.9643506950898
1766,80.8692545832415
1767,81.8043301803353
1768,80.9913455120387
1769,78.6588127777678
1770,80.6425525059169
1771,80.3744484007834
1772,80.9053715268527
1773,79.3267204234529
1774,79.8325050805438
1775,74.2315739921181
1776,75.8453105951589
1777,79.330648150306
1778,80.8274752020598
1779,79.5492646005188
1780,76.5324638105818
1781,76.7720118033112
1782,78.9419078369056
1783,78.1693498266424
1784,78.5393589857759
1785,79.6307319648169
1786,77.3895327832976
1787,79.1575511536171
1788,77.6539848034088
1789,80.0276489708878
1790,78.7822938100013
1791,78.3840134062857
1792,78.1751672261158
1793,80.3844487280296
1794,74.742294519222
1795,77.9203587792409
1796,80.1948171056011
1797,80.8543339144006
1798,75.9889552465589
1799,78.9141108036285
1800,76.0693198351848
1801,81.785544203903
1802,81.9572716730654
1803,81.8570989608549
1804,79.0713661671298
1805,80.9655517049655
1806,78.382360059622
1807,72.566348947691
1808,73.8694237736188
1809,72.5146436809682
1810,77.1093463707477
1811,75.5816263628828
1812,74.6459288775978
1813,75.7532239678825
1814,77.216837822493
1815,74.1351089408987
1816,69.7239310172878
1817,79.0209692396834
1818,79.5812358285031
1819,78.6634372453129
1820,80.5981601528828
1821,80.9324238828975
1822,79.3817870633756
1823,78.8938143324016
1824,79.5362146443048
1825,80.0650213078721
1826,78.3549693024887
1827,79.6596199887857
1828,78.8773505909352
1829,77.1475682125798
1830,77.3780653669751
1831,81.2515606141708
1832,76.0355290323653
1833,80.2620188347611
1834,80.2591659644813
1835,78.4751112531899
1836,77.0973640660217
1837,81.5347485517578
1838,77.3582878443979
1839,78.9180284912788
1840,80.7606386730263
1841,79.5764379953334
1842,78.7727432244429
1843,72.2830094877777
1844,78.7099842794829
1845,80.9043263815895
1846,78.5445821972657
1847,77.18639398755
1848,80.0341356324064
1849,79.5965054165181
1850,80.0630359961396
1851,81.6175381073619
1852,80.1276513000776
1853,80.4884723634561
1854,81.1820471467955
1855,80.3991491143366
1856,78.6766697121357
1857,78.048725469145
1858,78.5158528074824
1859,77.775577135944
1860,79.6028186227115
1861,80.2202361190417
1862,76.6894052832466
1863,78.9502665386135
1864,80.5793686240602
1865,76.3328200821605
1866,79.1927158315297
1867,79.9548469777129
1868,77.3661169824864
1869,79.208331018934
1870,78.2947955706337
1871,80.1812589107973
1872,77.5456888019463
1873,81.9214813956686
1874,80.3896944664987
1875,79.1202817872242
1876,81.3092645706808
1877,78.8148397297837
1878,79.7498717313193
1879,79.4121828497512
1880,82.3836685617923
1881,79.1558103573528
1882,79.8024114220332
1883,81.0954800440333
1884,75.9253465969757
1885,76.6785491356602
1886,74.1486686427889
1887,77.4056438294328
1888,78.6560612648709
1889,73.4838106950386
1890,78.8379832897805
1891,77.1523749150765
1892,75.3553155954963
1893,76.4110337315395
1894,80.5319639784473
1895,77.334292358025
1896,76.5651528905505
1897,80.5241865202692
1898,76.2182881656994
1899,78.1476505412914
1900,73.0603468150202
1901,79.2471682354135
1902,77.4381718344074
1903,75.4359722691053
1904,76.444449361814
1905,74.9661758953511
1906,74.6623876810492
1907,71.8065332211112
1908,77.7717182783258
1909,79.2505078161315
1910,77.0942786192541
1911,79.1355394589935
1912,78.9770669720531
1913,75.7156640597041
1914,73.3836184727435
1915,75.489149186681
1916,75.6993841275503
1917,77.8229790597521
1918,78.7830803379452
1919,77.8817225751141
1920,71.4432705754393
1921,73.8315077867805
1922,72.089290560658
1923,75.980166837952
1924,69.9641321468663
1925,63.5562909294638
1926,66.3565925982643
1927,78.6237586484309
1928,79.4937796515161
1929,80.5321465878458
1930,79.2263651490739
1931,78.7903601351236
1932,79.2498246681458
1933,78.5535584592009
1934,79.7700390657646
1935,78.9065728974588
1936,80.4924678682451
1937,79.1267193459809
1938,81.2310081653351
1939,80.2146222471826
1940,79.624640264746
1941,77.8080505824131
1942,80.7093954662836
1943,76.2291874258603
1944,77.8992455445281
1945,77.7935865401759
1946,78.4353401749797
1947,79.3206337888467
1948,79.4394083610533
1949,75.5591482057525
1950,66.9202236331233
1951,68.3104666451328
1952,71.4652213027281
1953,70.9693359708821
1954,70.5347589171902
1955,70.5111698186681
1956,73.6906966844004
1957,73.6810345264497
1958,69.8354098982459
1959,76.0515905521839
1960,74.4885239173578
1961,80.0054226676787
1962,80.9560049049804
1963,80.0649545986
1964,77.0788219095321
1965,74.1833526853616
1966,74.3944238133546
1967,73.5070225117832
1968,77.6267833566035
1969,77.4115689638027
1970,76.6649874368847
1971,75.4760649621272
1972,75.9857652645457
1973,70.3096437067572
1974,68.8257807395391
1975,72.06125527941
1976,75.8951789552722
1977,77.6478710655103
1978,78.5553908055191
1979,79.3154491084977
1980,81.4448393606379
1981,77.2541187858059
1982,74.731998256362
1983,75.5118393343164
1984,78.1522105187884
1985,74.6222739716452
1986,77.0603469781553
1987,79.3432678388356
1988,77.2085409714729
1989,75.7025223129842
1990,75.5775750302272
1991,80.8136151972766
1992,77.1282788877189
1993,76.7461725338042
1994,78.4511230686717
1995,76.9710853806541
1996,78.9587381788571
1997,76.2529233467163
1998,70.3675968631823
1999,76.8239081380351
2000,74.5850597443547
